<?xml version="1.0" encoding ="utf-8"?>
<swc xmlns="http://www.adobe.com/flash/swccatalog/9">
  <versions>
    <swc version="1.0" />
    <flash version="9.0" build="r494" platform="WIN" />
  </versions>
  <features>
    <feature-script-deps />
    <feature-components />
    <feature-files />
  </features>
  <components>
    <component className="com.liquid.controls:LiquidComboBox" name="LiquidComboBox" icon="ComboBoxIcon.png" tooltip="LiquidComboBox"  />
  </components>
  <libraries>
    <library path="library.swf">
      <script name="fl/managers/IFocusManagerComponent" mod="1202674678046" >
        <def id="fl.managers:IFocusManagerComponent" /> 
        <dep id="Object" type="i" /> 
        <dep id="AS3" type="n" /> 
      </script>
      <script name="fl/managers/IFocusManager" mod="1202674675546" >
        <def id="fl.managers:IFocusManager" /> 
        <dep id="Object" type="i" /> 
        <dep id="AS3" type="n" /> 
        <dep id="fl.controls:Button" type="s" /> 
        <dep id="flash.display:InteractiveObject" type="s" /> 
      </script>
      <script name="fl/core/InvalidationType" mod="1202674621687" >
        <def id="fl.core:InvalidationType" /> 
        <dep id="Object" type="i" /> 
        <dep id="AS3" type="n" /> 
      </script>
      <script name="fl/data/SimpleCollectionItem" mod="1206114375218" >
        <def id="fl.data:SimpleCollectionItem" /> 
        <dep id="Object" type="i" /> 
        <dep id="AS3" type="n" /> 
      </script>
      <script name="fl/controls/listClasses/ICellRenderer" mod="1206114284046" >
        <def id="fl.controls.listClasses:ICellRenderer" /> 
        <dep id="Object" type="i" /> 
        <dep id="AS3" type="n" /> 
        <dep id="fl.controls.listClasses:ListData" type="s" /> 
      </script>
      <script name="fl/managers/StyleManager" mod="1202674686343" >
        <def id="fl.managers:StyleManager" /> 
        <dep id="Object" type="i" /> 
        <dep id="AS3" type="n" /> 
        <dep id="flash.utils:Dictionary" type="s" /> 
        <dep id="fl.core:UIComponent" type="s" /> 
        <dep id="Error" type="s" /> 
        <dep id="flash.utils:Dictionary" type="e" /> 
        <dep id="flash.utils:getQualifiedSuperclassName" type="e" /> 
        <dep id="Error" type="e" /> 
        <dep id="fl.core:UIComponent" type="e" /> 
        <dep id="flash.text:TextFormat" type="e" /> 
        <dep id="flash.utils:getQualifiedClassName" type="e" /> 
        <dep id="flash.utils:getDefinitionByName" type="e" /> 
      </script>
      <script name="com/liquid/core/LiquidManager" mod="1203628198531" >
        <def id="com.liquid.core:LiquidManager" /> 
        <dep id="Object" type="i" /> 
        <dep id="AS3" type="n" /> 
        <dep id="com.liquid.core:SkinBox" type="s" /> 
        <dep id="com.liquid.skin:SkinLoader" type="s" /> 
        <dep id="flash.system:LoaderContext" type="s" /> 
        <dep id="flash.display:BitmapData" type="s" /> 
        <dep id="fl.core:UIComponent" type="s" /> 
        <dep id="flash.events:Event" type="s" /> 
        <dep id="com.liquid.skin:SkinAsset" type="e" /> 
        <dep id="com.liquid.events:LiquidEvent" type="e" /> 
        <dep id="com.liquid.skin:SkinLoader" type="e" /> 
        <dep id="com.liquid.core:SkinBox" type="e" /> 
      </script>
      <script name="com/liquid/skin/SkinAsset" mod="1207746606734" >
        <def id="com.liquid.skin:SkinAsset" /> 
        <dep id="Object" type="i" /> 
        <dep id="AS3" type="n" /> 
        <dep id="flash.utils:Dictionary" type="s" /> 
        <dep id="flash.geom:Rectangle" type="s" /> 
        <dep id="com.liquid.draw:LiquidBitmap" type="s" /> 
        <dep id="com.liquid.skin:SkinLoader" type="s" /> 
        <dep id="com.liquid.grid:LiquidGrid" type="s" /> 
        <dep id="flash.display:BitmapData" type="s" /> 
        <dep id="flash.system:LoaderContext" type="s" /> 
        <dep id="Error" type="s" /> 
        <dep id="flash.utils:Dictionary" type="e" /> 
        <dep id="com.liquid.grid:LiquidCell" type="e" /> 
        <dep id="flash.geom:Rectangle" type="e" /> 
        <dep id="com.liquid.draw:LiquidBitmap" type="e" /> 
        <dep id="com.liquid.skin:SkinLoader" type="e" /> 
        <dep id="com.liquid.grid:LiquidGrid" type="e" /> 
        <dep id="flash.display:BitmapData" type="e" /> 
        <dep id="flash.geom:Point" type="e" /> 
        <dep id="Error" type="e" /> 
        <dep id="flash.system:ApplicationDomain" type="e" /> 
        <dep id="flash.net:URLRequest" type="e" /> 
      </script>
      <script name="fl/controls/listClasses/ListData" mod="1206114318453" >
        <def id="fl.controls.listClasses:ListData" /> 
        <dep id="Object" type="i" /> 
        <dep id="AS3" type="n" /> 
        <dep id="fl.core:UIComponent" type="s" /> 
      </script>
      <script name="com/liquid/draw/LiquidBitmap" mod="1203075351875" >
        <def id="com.liquid.draw:LiquidBitmap" /> 
        <dep id="Object" type="i" /> 
        <dep id="AS3" type="n" /> 
        <dep id="com.liquid.grid:LiquidRow" type="s" /> 
        <dep id="flash.geom:Rectangle" type="s" /> 
        <dep id="com.liquid.grid:LiquidGrid" type="s" /> 
        <dep id="flash.display:BitmapData" type="s" /> 
        <dep id="flash.geom:Rectangle" type="e" /> 
        <dep id="flash.display:BitmapData" type="e" /> 
        <dep id="flash.geom:Point" type="e" /> 
        <dep id="Math" type="e" /> 
      </script>
      <script name="fl/managers/IFocusManagerGroup" mod="1202674681906" >
        <def id="fl.managers:IFocusManagerGroup" /> 
        <dep id="Object" type="i" /> 
        <dep id="AS3" type="n" /> 
      </script>
      <script name="fl/events/DataChangeType" mod="1206114246968" >
        <def id="fl.events:DataChangeType" /> 
        <dep id="Object" type="i" /> 
        <dep id="AS3" type="n" /> 
      </script>
      <script name="fl/controls/ScrollPolicy" mod="1205710803781" >
        <def id="fl.controls:ScrollPolicy" /> 
        <dep id="Object" type="i" /> 
        <dep id="AS3" type="n" /> 
      </script>
      <script name="fl/controls/ScrollBarDirection" mod="1205252663703" >
        <def id="fl.controls:ScrollBarDirection" /> 
        <dep id="Object" type="i" /> 
        <dep id="AS3" type="n" /> 
      </script>
      <script name="fl/controls/ButtonLabelPlacement" mod="1202674564796" >
        <def id="fl.controls:ButtonLabelPlacement" /> 
        <dep id="Object" type="i" /> 
        <dep id="AS3" type="n" /> 
      </script>
      <script name="com/liquid/draw/LiquidMapper" mod="1208176746937" >
        <def id="com.liquid.draw:LiquidMapper" /> 
        <dep id="Object" type="i" /> 
        <dep id="AS3" type="n" /> 
        <dep id="com.liquid.grid:LiquidRow" type="s" /> 
        <dep id="flash.geom:Matrix" type="s" /> 
        <dep id="com.liquid.draw:LiquidBitmap" type="s" /> 
        <dep id="com.liquid.grid:LiquidGrid" type="s" /> 
        <dep id="flash.display:BitmapData" type="s" /> 
        <dep id="flash.display:Graphics" type="s" /> 
        <dep id="com.liquid.grid:LiquidCell" type="e" /> 
        <dep id="flash.geom:Matrix" type="e" /> 
        <dep id="Math" type="e" /> 
      </script>
      <script name="fl/events/DataChangeEvent" mod="1206114237062" >
        <def id="fl.events:DataChangeEvent" /> 
        <dep id="flash.events:Event" type="i" /> 
        <dep id="AS3" type="n" /> 
      </script>
      <script name="fl/events/ComponentEvent" mod="1202674645812" >
        <def id="fl.events:ComponentEvent" /> 
        <dep id="flash.events:Event" type="i" /> 
        <dep id="AS3" type="n" /> 
      </script>
      <script name="fl/events/ListEvent" mod="1206114331062" >
        <def id="fl.events:ListEvent" /> 
        <dep id="flash.events:Event" type="i" /> 
        <dep id="AS3" type="n" /> 
      </script>
      <script name="com/liquid/events/LiquidEvent" mod="1202674833437" >
        <def id="com.liquid.events:LiquidEvent" /> 
        <dep id="flash.events:Event" type="i" /> 
        <dep id="AS3" type="n" /> 
      </script>
      <script name="fl/events/ScrollEvent" mod="1205252682093" >
        <def id="fl.events:ScrollEvent" /> 
        <dep id="flash.events:Event" type="i" /> 
        <dep id="AS3" type="n" /> 
      </script>
      <script name="com/liquid/events/LiquidCellEvent" mod="1202674830031" >
        <def id="com.liquid.events:LiquidCellEvent" /> 
        <dep id="flash.events:Event" type="i" /> 
        <dep id="AS3" type="n" /> 
      </script>
      <script name="fl/managers/FocusManager" mod="1202674669203" >
        <def id="fl.managers:FocusManager" /> 
        <dep id="fl.managers:IFocusManager" type="i" /> 
        <dep id="Object" type="i" /> 
        <dep id="AS3" type="n" /> 
        <dep id="flash.utils:Dictionary" type="s" /> 
        <dep id="flash.events:MouseEvent" type="s" /> 
        <dep id="flash.events:FocusEvent" type="s" /> 
        <dep id="flash.text:TextField" type="s" /> 
        <dep id="fl.controls:Button" type="s" /> 
        <dep id="SecurityError" type="s" /> 
        <dep id="fl.managers:IFocusManagerGroup" type="s" /> 
        <dep id="flash.events:Event" type="s" /> 
        <dep id="flash.display:DisplayObject" type="s" /> 
        <dep id="flash.events:KeyboardEvent" type="s" /> 
        <dep id="flash.display:DisplayObjectContainer" type="s" /> 
        <dep id="flash.display:SimpleButton" type="s" /> 
        <dep id="flash.display:InteractiveObject" type="s" /> 
        <dep id="fl.managers:IFocusManagerComponent" type="s" /> 
        <dep id="flash.utils:Dictionary" type="e" /> 
        <dep id="flash.events:MouseEvent" type="e" /> 
        <dep id="flash.events:FocusEvent" type="e" /> 
        <dep id="flash.text:TextFieldType" type="e" /> 
        <dep id="flash.text:TextField" type="e" /> 
        <dep id="fl.controls:Button" type="e" /> 
        <dep id="SecurityError" type="e" /> 
        <dep id="fl.managers:IFocusManagerGroup" type="e" /> 
        <dep id="flash.events:Event" type="e" /> 
        <dep id="flash.display:DisplayObject" type="e" /> 
        <dep id="flash.events:KeyboardEvent" type="e" /> 
        <dep id="fl.core:UIComponent" type="e" /> 
        <dep id="flash.display:DisplayObjectContainer" type="e" /> 
        <dep id="flash.display:Stage" type="e" /> 
        <dep id="flash.display:SimpleButton" type="e" /> 
        <dep id="flash.display:InteractiveObject" type="e" /> 
        <dep id="flash.ui:Keyboard" type="e" /> 
        <dep id="fl.managers:IFocusManagerComponent" type="e" /> 
      </script>
      <script name="com/liquid/errors/LiquidError" mod="1208177958015" >
        <def id="com.liquid.errors:LiquidError" /> 
        <dep id="Error" type="i" /> 
        <dep id="AS3" type="n" /> 
      </script>
      <script name="LiquidComboBox_back" mod="1208179674015" >
        <def id="LiquidComboBox_back" /> 
        <dep id="flash.display:BitmapData" type="i" /> 
        <dep id="AS3" type="n" /> 
      </script>
      <script name="LiquidList_back" mod="1208179674015" >
        <def id="LiquidList_back" /> 
        <dep id="flash.display:BitmapData" type="i" /> 
        <dep id="AS3" type="n" /> 
      </script>
      <script name="LiquidList_cell" mod="1208179674015" >
        <def id="LiquidList_cell" /> 
        <dep id="flash.display:BitmapData" type="i" /> 
        <dep id="AS3" type="n" /> 
      </script>
      <script name="LiquidScrollBar_arrow" mod="1208179674015" >
        <def id="LiquidScrollBar_arrow" /> 
        <dep id="flash.display:BitmapData" type="i" /> 
        <dep id="AS3" type="n" /> 
      </script>
      <script name="LiquidScrollBar_icons" mod="1208179674015" >
        <def id="LiquidScrollBar_icons" /> 
        <dep id="flash.display:BitmapData" type="i" /> 
        <dep id="AS3" type="n" /> 
      </script>
      <script name="LiquidScrollBar_thumb" mod="1208179674015" >
        <def id="LiquidScrollBar_thumb" /> 
        <dep id="flash.display:BitmapData" type="i" /> 
        <dep id="AS3" type="n" /> 
      </script>
      <script name="LiquidScrollBar_track" mod="1208179674015" >
        <def id="LiquidScrollBar_track" /> 
        <dep id="flash.display:BitmapData" type="i" /> 
        <dep id="AS3" type="n" /> 
      </script>
      <script name="Liquid_focusRect" mod="1208179674015" >
        <def id="Liquid_focusRect" /> 
        <dep id="flash.display:BitmapData" type="i" /> 
        <dep id="AS3" type="n" /> 
      </script>
      <script name="icons" mod="1208179674015" >
        <def id="icons" /> 
        <dep id="flash.display:BitmapData" type="i" /> 
        <dep id="AS3" type="n" /> 
      </script>
      <script name="fl/data/DataProvider" mod="1206114261718" >
        <def id="fl.data:DataProvider" /> 
        <dep id="flash.events:EventDispatcher" type="i" /> 
        <dep id="AS3" type="n" /> 
        <dep id="XMLList" type="s" /> 
        <dep id="XML" type="s" /> 
        <dep id="RangeError" type="e" /> 
        <dep id="fl.events:DataChangeEvent" type="e" /> 
        <dep id="TypeError" type="e" /> 
        <dep id="XML" type="e" /> 
        <dep id="fl.events:DataChangeType" type="e" /> 
      </script>
      <script name="com/liquid/grid/LiquidGrid" mod="1203075043734" >
        <def id="com.liquid.grid:LiquidGrid" /> 
        <dep id="flash.events:EventDispatcher" type="i" /> 
        <dep id="AS3" type="n" /> 
        <dep id="com.liquid.grid:LiquidRow" type="s" /> 
        <dep id="com.liquid.grid:LiquidCell" type="s" /> 
        <dep id="com.liquid.events:LiquidCellEvent" type="s" /> 
        <dep id="flash.display:Graphics" type="s" /> 
        <dep id="com.liquid.grid:LiquidRowType" type="s" /> 
        <dep id="com.liquid.grid:LiquidRow" type="e" /> 
        <dep id="com.liquid.grid:LiquidCell" type="e" /> 
        <dep id="com.liquid.events:LiquidCellEvent" type="e" /> 
        <dep id="com.liquid.grid:LiquidRowType" type="e" /> 
      </script>
      <script name="com/liquid/grid/LiquidCell" mod="1202674798250" >
        <def id="com.liquid.grid:LiquidCell" /> 
        <dep id="flash.events:EventDispatcher" type="i" /> 
        <dep id="AS3" type="n" /> 
        <dep id="flash.geom:Rectangle" type="s" /> 
        <dep id="com.liquid.grid:LiquidGrid" type="s" /> 
        <dep id="com.liquid.events:LiquidCellEvent" type="s" /> 
        <dep id="com.liquid.grid:LiquidRowType" type="s" /> 
        <dep id="flash.geom:Rectangle" type="e" /> 
        <dep id="com.liquid.events:LiquidCellEvent" type="e" /> 
      </script>
      <script name="com/liquid/grid/LiquidRow" mod="1202674806171" >
        <def id="com.liquid.grid:LiquidRow" /> 
        <dep id="flash.events:EventDispatcher" type="i" /> 
        <dep id="AS3" type="n" /> 
        <dep id="com.liquid.events:LiquidCellEvent" type="s" /> 
        <dep id="com.liquid.grid:LiquidRowType" type="s" /> 
        <dep id="Error" type="e" /> 
        <dep id="com.liquid.events:LiquidCellEvent" type="e" /> 
        <dep id="Math" type="e" /> 
        <dep id="com.liquid.grid:LiquidRowType" type="e" /> 
      </script>
      <script name="com/liquid/grid/LiquidRowType" mod="1202674810515" >
        <def id="com.liquid.grid:LiquidRowType" /> 
        <dep id="flash.events:EventDispatcher" type="i" /> 
        <dep id="AS3" type="n" /> 
        <dep id="com.liquid.grid:LiquidRow" type="s" /> 
        <dep id="Error" type="e" /> 
        <dep id="com.liquid.events:LiquidCellEvent" type="e" /> 
        <dep id="Math" type="e" /> 
      </script>
      <script name="fl/core/UIComponent" mod="1202674625843" >
        <def id="fl.core:UIComponent" /> 
        <dep id="flash.display:Sprite" type="i" /> 
        <dep id="AS3" type="n" /> 
        <dep id="fl.core:InvalidationType" type="s" /> 
        <dep id="flash.utils:Dictionary" type="s" /> 
        <dep id="flash.events:FocusEvent" type="s" /> 
        <dep id="flash.display:DisplayObject" type="s" /> 
        <dep id="flash.text:TextField" type="s" /> 
        <dep id="flash.events:KeyboardEvent" type="s" /> 
        <dep id="fl.managers:IFocusManager" type="s" /> 
        <dep id="Error" type="s" /> 
        <dep id="flash.events:Event" type="s" /> 
        <dep id="flash.display:InteractiveObject" type="s" /> 
        <dep id="fl.managers:IFocusManagerComponent" type="s" /> 
        <dep id="flash.utils:Dictionary" type="e" /> 
        <dep id="flash.system:IME" type="e" /> 
        <dep id="fl.managers:FocusManager" type="e" /> 
        <dep id="flash.events:FocusEvent" type="e" /> 
        <dep id="flash.system:IMEConversionMode" type="e" /> 
        <dep id="flash.events:Event" type="e" /> 
        <dep id="Math" type="e" /> 
        <dep id="fl.core:InvalidationType" type="e" /> 
        <dep id="flash.display:DisplayObject" type="e" /> 
        <dep id="flash.events:KeyboardEvent" type="e" /> 
        <dep id="Error" type="e" /> 
        <dep id="fl.managers:IFocusManager" type="e" /> 
        <dep id="flash.text:TextFormatAlign" type="e" /> 
        <dep id="flash.text:TextFormat" type="e" /> 
        <dep id="fl.managers:StyleManager" type="e" /> 
        <dep id="fl.events:ComponentEvent" type="e" /> 
        <dep id="flash.utils:getQualifiedClassName" type="e" /> 
        <dep id="flash.utils:getDefinitionByName" type="e" /> 
        <dep id="fl.managers:IFocusManagerComponent" type="e" /> 
      </script>
      <script name="com/liquid/core/SkinBox" mod="1203075406031" >
        <def id="com.liquid.core:SkinBox" /> 
        <dep id="flash.display:Sprite" type="i" /> 
        <dep id="AS3" type="n" /> 
        <dep id="com.liquid.skin:SkinAsset" type="s" /> 
        <dep id="com.liquid.draw:LiquidBitmap" type="s" /> 
        <dep id="flash.display:BitmapData" type="s" /> 
        <dep id="com.liquid.grid:LiquidGrid" type="s" /> 
        <dep id="com.liquid.skin:SkinAsset" type="e" /> 
        <dep id="com.liquid.draw:LiquidMapper" type="e" /> 
      </script>
      <script name="com/liquid/skin/SkinLoader" mod="1208178002812" >
        <def id="com.liquid.skin:SkinLoader" /> 
        <dep id="flash.display:Loader" type="i" /> 
        <dep id="AS3" type="n" /> 
        <dep id="flash.display:BitmapData" type="s" /> 
        <dep id="flash.system:LoaderContext" type="s" /> 
        <dep id="flash.events:Event" type="s" /> 
        <dep id="flash.net:URLRequest" type="s" /> 
        <dep id="flash.events:IOErrorEvent" type="s" /> 
        <dep id="com.liquid.events:LiquidEvent" type="e" /> 
        <dep id="flash.display:Bitmap" type="e" /> 
        <dep id="flash.events:Event" type="e" /> 
        <dep id="com.liquid.errors:LiquidError" type="e" /> 
        <dep id="flash.events:IOErrorEvent" type="e" /> 
      </script>
      <script name="fl/core/ComponentShim" mod="1208179674015" >
        <def id="fl.core.ComponentShim" /> 
        <def id="fl.core:ComponentShim" /> 
        <dep id="flash.display:MovieClip" type="i" /> 
        <dep id="AS3" type="n" /> 
      </script>
      <script name="fl/livepreview/LivePreviewParent" mod="1208179674015" >
        <def id="fl.livepreview:LivePreviewParent" /> 
        <dep id="flash.display:MovieClip" type="i" /> 
        <dep id="AS3" type="n" /> 
        <dep id="flash.display:DisplayObject" type="s" /> 
        <dep id="Error" type="s" /> 
        <dep id="flash.external:ExternalInterface" type="e" /> 
        <dep id="Error" type="e" /> 
        <dep id="flash.display:StageScaleMode" type="e" /> 
        <dep id="flash.display:StageAlign" type="e" /> 
        <dep id="flash.utils:getDefinitionByName" type="e" /> 
      </script>
      <script name="fl/controls/ComboBox" mod="1207751895812" >
        <def id="fl.controls:ComboBox" /> 
        <dep id="fl.core:UIComponent" type="i" /> 
        <dep id="fl.managers:IFocusManagerComponent" type="i" /> 
        <dep id="AS3" type="n" /> 
        <dep id="flash.events:MouseEvent" type="s" /> 
        <dep id="fl.controls.listClasses:ICellRenderer" type="s" /> 
        <dep id="flash.events:FocusEvent" type="s" /> 
        <dep id="fl.data:SimpleCollectionItem" type="s" /> 
        <dep id="fl.controls:List" type="s" /> 
        <dep id="flash.geom:Point" type="s" /> 
        <dep id="fl.events:DataChangeEvent" type="s" /> 
        <dep id="flash.events:Event" type="s" /> 
        <dep id="fl.controls:TextInput" type="s" /> 
        <dep id="flash.events:KeyboardEvent" type="s" /> 
        <dep id="fl.controls:BaseButton" type="s" /> 
        <dep id="flash.text:TextFormat" type="s" /> 
        <dep id="fl.events:ComponentEvent" type="s" /> 
        <dep id="fl.data:DataProvider" type="s" /> 
        <dep id="fl.controls.listClasses:ICellRenderer" type="e" /> 
        <dep id="flash.events:MouseEvent" type="e" /> 
        <dep id="flash.events:FocusEvent" type="e" /> 
        <dep id="fl.controls:List" type="e" /> 
        <dep id="flash.geom:Point" type="e" /> 
        <dep id="fl.events:DataChangeEvent" type="e" /> 
        <dep id="flash.events:Event" type="e" /> 
        <dep id="Math" type="e" /> 
        <dep id="fl.core:InvalidationType" type="e" /> 
        <dep id="fl.controls:TextInput" type="e" /> 
        <dep id="fl.events:ListEvent" type="e" /> 
        <dep id="flash.display:DisplayObject" type="e" /> 
        <dep id="fl.controls:BaseButton" type="e" /> 
        <dep id="flash.text:TextFormat" type="e" /> 
        <dep id="flash.ui:Keyboard" type="e" /> 
        <dep id="fl.events:ComponentEvent" type="e" /> 
      </script>
      <script name="fl/controls/BaseButton" mod="1205119002859" >
        <def id="fl.controls:BaseButton" /> 
        <dep id="fl.core:UIComponent" type="i" /> 
        <dep id="AS3" type="n" /> 
        <dep id="flash.events:MouseEvent" type="s" /> 
        <dep id="flash.display:DisplayObject" type="s" /> 
        <dep id="flash.events:TimerEvent" type="s" /> 
        <dep id="flash.utils:Timer" type="s" /> 
        <dep id="fl.core:InvalidationType" type="e" /> 
        <dep id="flash.events:MouseEvent" type="e" /> 
        <dep id="flash.events:TimerEvent" type="e" /> 
        <dep id="flash.utils:Timer" type="e" /> 
        <dep id="fl.events:ComponentEvent" type="e" /> 
      </script>
      <script name="fl/controls/TextInput" mod="1207749697015" >
        <def id="fl.controls:TextInput" /> 
        <dep id="fl.core:UIComponent" type="i" /> 
        <dep id="fl.managers:IFocusManagerComponent" type="i" /> 
        <dep id="AS3" type="n" /> 
        <dep id="flash.events:FocusEvent" type="s" /> 
        <dep id="flash.display:DisplayObject" type="s" /> 
        <dep id="flash.text:TextField" type="s" /> 
        <dep id="flash.events:KeyboardEvent" type="s" /> 
        <dep id="flash.events:TextEvent" type="s" /> 
        <dep id="fl.managers:IFocusManager" type="s" /> 
        <dep id="flash.events:Event" type="s" /> 
        <dep id="flash.text:TextLineMetrics" type="s" /> 
        <dep id="flash.text:TextFormat" type="s" /> 
        <dep id="fl.core:InvalidationType" type="e" /> 
        <dep id="flash.text:TextFieldType" type="e" /> 
        <dep id="flash.text:TextField" type="e" /> 
        <dep id="flash.events:TextEvent" type="e" /> 
        <dep id="flash.events:KeyboardEvent" type="e" /> 
        <dep id="flash.events:Event" type="e" /> 
        <dep id="flash.text:TextFormat" type="e" /> 
        <dep id="flash.ui:Keyboard" type="e" /> 
        <dep id="fl.events:ComponentEvent" type="e" /> 
      </script>
      <script name="com/liquid/display/LiquidIcon" mod="1208179177359" >
        <def id="com.liquid.display:LiquidIcon" /> 
        <dep id="fl.core:UIComponent" type="i" /> 
        <dep id="AS3" type="n" /> 
        <dep id="com.liquid.events:LiquidEvent" type="s" /> 
        <dep id="flash.geom:Matrix" type="s" /> 
        <dep id="com.liquid.core:SkinBox" type="s" /> 
        <dep id="com.liquid.skin:SkinLoader" type="s" /> 
        <dep id="flash.display:BitmapData" type="s" /> 
        <dep id="flash.system:LoaderContext" type="s" /> 
        <dep id="flash.events:Event" type="s" /> 
        <dep id="com.liquid.events:LiquidEvent" type="e" /> 
        <dep id="com.liquid.skin:SkinAsset" type="e" /> 
        <dep id="flash.geom:Matrix" type="e" /> 
        <dep id="com.liquid.skin:SkinLoader" type="e" /> 
        <dep id="com.liquid.core:SkinBox" type="e" /> 
        <dep id="flash.events:EventPhase" type="e" /> 
        <dep id="flash.events:Event" type="e" /> 
        <dep id="Math" type="e" /> 
      </script>
      <script name="fl/containers/BaseScrollPane" mod="1208121161531" >
        <def id="fl.containers:BaseScrollPane" /> 
        <dep id="fl.core:UIComponent" type="i" /> 
        <dep id="AS3" type="n" /> 
        <dep id="fl.controls:ScrollBar" type="s" /> 
        <dep id="flash.geom:Rectangle" type="s" /> 
        <dep id="flash.events:MouseEvent" type="s" /> 
        <dep id="flash.display:DisplayObject" type="s" /> 
        <dep id="fl.events:ScrollEvent" type="s" /> 
        <dep id="flash.display:Graphics" type="s" /> 
        <dep id="flash.display:Shape" type="s" /> 
        <dep id="fl.core:InvalidationType" type="e" /> 
        <dep id="fl.controls:ScrollBar" type="e" /> 
        <dep id="fl.controls:ScrollPolicy" type="e" /> 
        <dep id="flash.events:MouseEvent" type="e" /> 
        <dep id="flash.geom:Rectangle" type="e" /> 
        <dep id="fl.controls:ScrollBarDirection" type="e" /> 
        <dep id="fl.events:ScrollEvent" type="e" /> 
        <dep id="Math" type="e" /> 
        <dep id="flash.display:Shape" type="e" /> 
      </script>
      <script name="fl/controls/ScrollBar" mod="1205252649171" >
        <def id="fl.controls:ScrollBar" /> 
        <dep id="fl.core:UIComponent" type="i" /> 
        <dep id="AS3" type="n" /> 
        <dep id="fl.controls:LabelButton" type="s" /> 
        <dep id="flash.events:MouseEvent" type="s" /> 
        <dep id="fl.controls:BaseButton" type="s" /> 
        <dep id="fl.events:ComponentEvent" type="s" /> 
        <dep id="fl.core:InvalidationType" type="e" /> 
        <dep id="fl.controls:LabelButton" type="e" /> 
        <dep id="flash.events:MouseEvent" type="e" /> 
        <dep id="fl.controls:ScrollBarDirection" type="e" /> 
        <dep id="fl.controls:BaseButton" type="e" /> 
        <dep id="fl.events:ScrollEvent" type="e" /> 
        <dep id="Math" type="e" /> 
        <dep id="fl.events:ComponentEvent" type="e" /> 
      </script>
      <script name="com/liquid/controls/LiquidComboBox" mod="1208179674015" >
        <def id="com.liquid.controls:LiquidComboBox" /> 
        <dep id="fl.controls:ComboBox" type="i" /> 
        <dep id="AS3" type="n" /> 
        <dep id="flash.events:KeyboardEvent" type="s" /> 
        <dep id="flash.system:LoaderContext" type="s" /> 
        <dep id="flash.display:BitmapData" type="s" /> 
        <dep id="com.liquid.display:LiquidIcon" type="s" /> 
        <dep id="flash.display:Sprite" type="s" /> 
        <dep id="flash.geom:Point" type="s" /> 
        <dep id="flash.events:Event" type="s" /> 
        <dep id="flash.text:TextFormat" type="s" /> 
        <dep id="com.liquid.skin:SkinAsset" type="e" /> 
        <dep id="flash.events:MouseEvent" type="e" /> 
        <dep id="flash.geom:Point" type="e" /> 
        <dep id="flash.events:Event" type="e" /> 
        <dep id="com.liquid.controls:LiquidButton" type="e" /> 
        <dep id="Math" type="e" /> 
        <dep id="fl.events:ListEvent" type="e" /> 
        <dep id="com.liquid.controls:LiquidList" type="e" /> 
        <dep id="com.liquid.display:LiquidIcon" type="e" /> 
        <dep id="flash.events:EventPhase" type="e" /> 
        <dep id="flash.display:Sprite" type="e" /> 
        <dep id="com.liquid.core:LiquidManager" type="e" /> 
        <dep id="flash.text:TextFormat" type="e" /> 
      </script>
      <script name="fl/controls/LabelButton" mod="1207216401828" >
        <def id="fl.controls:LabelButton" /> 
        <dep id="fl.controls:BaseButton" type="i" /> 
        <dep id="fl.managers:IFocusManagerComponent" type="i" /> 
        <dep id="AS3" type="n" /> 
        <dep id="flash.events:MouseEvent" type="s" /> 
        <dep id="flash.display:DisplayObject" type="s" /> 
        <dep id="flash.text:TextField" type="s" /> 
        <dep id="flash.events:KeyboardEvent" type="s" /> 
        <dep id="flash.text:TextFormat" type="s" /> 
        <dep id="fl.core:InvalidationType" type="e" /> 
        <dep id="flash.events:MouseEvent" type="e" /> 
        <dep id="fl.controls:ButtonLabelPlacement" type="e" /> 
        <dep id="flash.text:TextFieldType" type="e" /> 
        <dep id="flash.text:TextField" type="e" /> 
        <dep id="fl.core:UIComponent" type="e" /> 
        <dep id="flash.events:Event" type="e" /> 
        <dep id="Math" type="e" /> 
        <dep id="flash.text:TextFormat" type="e" /> 
        <dep id="flash.ui:Keyboard" type="e" /> 
        <dep id="fl.events:ComponentEvent" type="e" /> 
      </script>
      <script name="fl/controls/SelectableList" mod="1207216464375" >
        <def id="fl.controls:SelectableList" /> 
        <dep id="fl.containers:BaseScrollPane" type="i" /> 
        <dep id="fl.managers:IFocusManagerComponent" type="i" /> 
        <dep id="AS3" type="n" /> 
        <dep id="flash.utils:Dictionary" type="s" /> 
        <dep id="fl.controls.listClasses:ICellRenderer" type="s" /> 
        <dep id="flash.events:MouseEvent" type="s" /> 
        <dep id="fl.data:SimpleCollectionItem" type="s" /> 
        <dep id="flash.events:KeyboardEvent" type="s" /> 
        <dep id="flash.display:Sprite" type="s" /> 
        <dep id="fl.events:DataChangeEvent" type="s" /> 
        <dep id="flash.events:Event" type="s" /> 
        <dep id="fl.data:DataProvider" type="s" /> 
        <dep id="flash.utils:Dictionary" type="e" /> 
        <dep id="fl.controls.listClasses:CellRenderer" type="e" /> 
        <dep id="fl.controls.listClasses:ICellRenderer" type="e" /> 
        <dep id="flash.events:MouseEvent" type="e" /> 
        <dep id="fl.controls:ScrollBarDirection" type="e" /> 
        <dep id="fl.events:DataChangeEvent" type="e" /> 
        <dep id="flash.events:Event" type="e" /> 
        <dep id="fl.events:DataChangeType" type="e" /> 
        <dep id="fl.core:InvalidationType" type="e" /> 
        <dep id="fl.controls:ScrollPolicy" type="e" /> 
        <dep id="fl.events:ListEvent" type="e" /> 
        <dep id="flash.display:DisplayObject" type="e" /> 
        <dep id="fl.events:ScrollEvent" type="e" /> 
        <dep id="flash.display:Sprite" type="e" /> 
        <dep id="flash.ui:Keyboard" type="e" /> 
        <dep id="fl.data:DataProvider" type="e" /> 
      </script>
      <script name="com/liquid/controls/LiquidScrollBar" mod="1208179150968" >
        <def id="com.liquid.controls:LiquidScrollBar" /> 
        <dep id="fl.controls:ScrollBar" type="i" /> 
        <dep id="AS3" type="n" /> 
        <dep id="flash.display:BitmapData" type="s" /> 
        <dep id="flash.system:LoaderContext" type="s" /> 
        <dep id="flash.events:Event" type="s" /> 
        <dep id="com.liquid.skin:SkinAsset" type="e" /> 
        <dep id="flash.events:MouseEvent" type="e" /> 
        <dep id="flash.events:EventPhase" type="e" /> 
        <dep id="flash.events:Event" type="e" /> 
        <dep id="com.liquid.controls:LiquidButton" type="e" /> 
        <dep id="com.liquid.core:LiquidManager" type="e" /> 
        <dep id="Math" type="e" /> 
        <dep id="fl.events:ComponentEvent" type="e" /> 
      </script>
      <script name="fl/controls/Button" mod="1202674326093" >
        <def id="fl.controls:Button" /> 
        <dep id="fl.controls:LabelButton" type="i" /> 
        <dep id="fl.managers:IFocusManagerComponent" type="i" /> 
        <dep id="AS3" type="n" /> 
        <dep id="flash.display:DisplayObject" type="s" /> 
        <dep id="fl.core:InvalidationType" type="e" /> 
        <dep id="fl.core:UIComponent" type="e" /> 
      </script>
      <script name="fl/controls/listClasses/CellRenderer" mod="1206114223421" >
        <def id="fl.controls.listClasses:CellRenderer" /> 
        <dep id="fl.controls:LabelButton" type="i" /> 
        <dep id="fl.controls.listClasses:ICellRenderer" type="i" /> 
        <dep id="AS3" type="n" /> 
        <dep id="flash.events:MouseEvent" type="s" /> 
        <dep id="fl.controls.listClasses:ListData" type="s" /> 
        <dep id="Math" type="e" /> 
      </script>
      <script name="fl/controls/List" mod="1208120947765" >
        <def id="fl.controls:List" /> 
        <dep id="fl.controls:SelectableList" type="i" /> 
        <dep id="fl.managers:IFocusManagerComponent" type="i" /> 
        <dep id="AS3" type="n" /> 
        <dep id="flash.utils:Dictionary" type="s" /> 
        <dep id="fl.controls.listClasses:ICellRenderer" type="s" /> 
        <dep id="flash.geom:Rectangle" type="s" /> 
        <dep id="flash.events:KeyboardEvent" type="s" /> 
        <dep id="flash.display:Sprite" type="s" /> 
        <dep id="fl.core:InvalidationType" type="e" /> 
        <dep id="flash.utils:Dictionary" type="e" /> 
        <dep id="fl.controls.listClasses:ICellRenderer" type="e" /> 
        <dep id="fl.controls:ScrollPolicy" type="e" /> 
        <dep id="flash.events:MouseEvent" type="e" /> 
        <dep id="fl.controls.listClasses:ListData" type="e" /> 
        <dep id="flash.display:DisplayObject" type="e" /> 
        <dep id="flash.display:Sprite" type="e" /> 
        <dep id="fl.core:UIComponent" type="e" /> 
        <dep id="flash.events:Event" type="e" /> 
        <dep id="flash.ui:Keyboard" type="e" /> 
        <dep id="Math" type="e" /> 
      </script>
      <script name="com/liquid/controls/LiquidButton" mod="1208179089531" >
        <def id="com.liquid.controls:LiquidButton" /> 
        <dep id="fl.controls:Button" type="i" /> 
        <dep id="AS3" type="n" /> 
        <dep id="com.liquid.events:LiquidEvent" type="s" /> 
        <dep id="com.liquid.core:SkinBox" type="s" /> 
        <dep id="com.liquid.skin:SkinLoader" type="s" /> 
        <dep id="flash.display:BitmapData" type="s" /> 
        <dep id="flash.system:LoaderContext" type="s" /> 
        <dep id="com.liquid.display:LiquidIcon" type="s" /> 
        <dep id="flash.events:Event" type="s" /> 
        <dep id="flash.text:TextFormat" type="s" /> 
        <dep id="com.liquid.skin:SkinAsset" type="e" /> 
        <dep id="com.liquid.events:LiquidEvent" type="e" /> 
        <dep id="com.liquid.skin:SkinLoader" type="e" /> 
        <dep id="com.liquid.core:SkinBox" type="e" /> 
        <dep id="com.liquid.display:LiquidIcon" type="e" /> 
        <dep id="flash.events:EventPhase" type="e" /> 
        <dep id="flash.events:Event" type="e" /> 
        <dep id="com.liquid.core:LiquidManager" type="e" /> 
        <dep id="Math" type="e" /> 
        <dep id="flash.text:TextFormat" type="e" /> 
      </script>
      <script name="com/liquid/controls/LiquidList" mod="1208179129453" >
        <def id="com.liquid.controls:LiquidList" /> 
        <dep id="fl.controls:List" type="i" /> 
        <dep id="AS3" type="n" /> 
        <dep id="com.liquid.listClasses:LiquidListCellRenderer" type="s" /> 
        <dep id="com.liquid.core:SkinBox" type="s" /> 
        <dep id="com.liquid.skin:SkinLoader" type="s" /> 
        <dep id="flash.system:LoaderContext" type="s" /> 
        <dep id="flash.display:BitmapData" type="s" /> 
        <dep id="flash.events:Event" type="s" /> 
        <dep id="fl.core:InvalidationType" type="e" /> 
        <dep id="com.liquid.skin:SkinAsset" type="e" /> 
        <dep id="com.liquid.events:LiquidEvent" type="e" /> 
        <dep id="com.liquid.listClasses:LiquidListCellRenderer" type="e" /> 
        <dep id="com.liquid.core:SkinBox" type="e" /> 
        <dep id="com.liquid.skin:SkinLoader" type="e" /> 
        <dep id="fl.controls:ScrollBarDirection" type="e" /> 
        <dep id="flash.events:EventPhase" type="e" /> 
        <dep id="fl.events:ScrollEvent" type="e" /> 
        <dep id="flash.events:Event" type="e" /> 
        <dep id="com.liquid.controls:LiquidScrollBar" type="e" /> 
        <dep id="com.liquid.core:LiquidManager" type="e" /> 
      </script>
      <script name="com/liquid/listClasses/LiquidListCellRenderer" mod="1207216394312" >
        <def id="com.liquid.listClasses:LiquidListCellRenderer" /> 
        <dep id="fl.controls.listClasses:ICellRenderer" type="i" /> 
        <dep id="com.liquid.controls:LiquidButton" type="i" /> 
        <dep id="AS3" type="n" /> 
        <dep id="com.liquid.events:LiquidEvent" type="s" /> 
        <dep id="flash.events:MouseEvent" type="s" /> 
        <dep id="fl.controls.listClasses:ListData" type="s" /> 
        <dep id="com.liquid.events:LiquidEvent" type="e" /> 
        <dep id="Math" type="e" /> 
      </script>
    </library>
  </libraries>
  <files>
    <file path="ComboBoxIcon.png" mod="1188000161703" />
  </files>
</swc>
