<?xml version="1.0" encoding ="utf-8"?>
<swc xmlns="http://www.adobe.com/flash/swccatalog/9">
  <versions>
    <swc version="1.0" />
    <flash version="9.0" build="r494" platform="WIN" />
  </versions>
  <features>
    <feature-script-deps />
    <feature-components />
    <feature-files />
  </features>
  <components>
    <component className="com.liquid.controls:LiquidButton" name="LiquidButton" preview="LivePreview_LiquidButton.swf" tooltip="LiquidButton"  />
  </components>
  <libraries>
    <library path="library.swf">
      <script name="fl/managers/IFocusManagerComponent" mod="1202674678046" >
        <def id="fl.managers:IFocusManagerComponent" /> 
        <dep id="Object" type="i" /> 
        <dep id="AS3" type="n" /> 
      </script>
      <script name="fl/core/InvalidationType" mod="1202674621687" >
        <def id="fl.core:InvalidationType" /> 
        <dep id="Object" type="i" /> 
        <dep id="AS3" type="n" /> 
      </script>
      <script name="fl/managers/IFocusManager" mod="1202674675546" >
        <def id="fl.managers:IFocusManager" /> 
        <dep id="Object" type="i" /> 
        <dep id="AS3" type="n" /> 
        <dep id="fl.controls:Button" type="s" /> 
        <dep id="flash.display:InteractiveObject" type="s" /> 
      </script>
      <script name="fl/managers/StyleManager" mod="1202674686343" >
        <def id="fl.managers:StyleManager" /> 
        <dep id="Object" type="i" /> 
        <dep id="AS3" type="n" /> 
        <dep id="flash.utils:Dictionary" type="s" /> 
        <dep id="fl.core:UIComponent" type="s" /> 
        <dep id="Error" type="s" /> 
        <dep id="flash.utils:Dictionary" type="e" /> 
        <dep id="flash.utils:getQualifiedSuperclassName" type="e" /> 
        <dep id="fl.core:UIComponent" type="e" /> 
        <dep id="Error" type="e" /> 
        <dep id="flash.text:TextFormat" type="e" /> 
        <dep id="flash.utils:getQualifiedClassName" type="e" /> 
        <dep id="flash.utils:getDefinitionByName" type="e" /> 
      </script>
      <script name="fl/controls/ButtonLabelPlacement" mod="1202674564796" >
        <def id="fl.controls:ButtonLabelPlacement" /> 
        <dep id="Object" type="i" /> 
        <dep id="AS3" type="n" /> 
      </script>
      <script name="com/liquid/core/LiquidManager" mod="1203625196250" >
        <def id="com.liquid.core:LiquidManager" /> 
        <dep id="Object" type="i" /> 
        <dep id="AS3" type="n" /> 
        <dep id="com.liquid.core:SkinBox" type="s" /> 
        <dep id="com.liquid.skin:SkinLoader" type="s" /> 
        <dep id="flash.system:LoaderContext" type="s" /> 
        <dep id="flash.display:BitmapData" type="s" /> 
        <dep id="fl.core:UIComponent" type="s" /> 
        <dep id="flash.events:Event" type="s" /> 
        <dep id="com.liquid.skin:SkinAsset" type="e" /> 
        <dep id="com.liquid.events:LiquidEvent" type="e" /> 
        <dep id="com.liquid.skin:SkinLoader" type="e" /> 
        <dep id="com.liquid.core:SkinBox" type="e" /> 
      </script>
      <script name="com/liquid/skin/SkinAsset" mod="1203075600984" >
        <def id="com.liquid.skin:SkinAsset" /> 
        <dep id="Object" type="i" /> 
        <dep id="AS3" type="n" /> 
        <dep id="flash.utils:Dictionary" type="s" /> 
        <dep id="flash.geom:Rectangle" type="s" /> 
        <dep id="com.liquid.draw:LiquidBitmap" type="s" /> 
        <dep id="com.liquid.skin:SkinLoader" type="s" /> 
        <dep id="flash.display:BitmapData" type="s" /> 
        <dep id="flash.system:LoaderContext" type="s" /> 
        <dep id="com.liquid.grid:LiquidGrid" type="s" /> 
        <dep id="Error" type="s" /> 
        <dep id="flash.utils:Dictionary" type="e" /> 
        <dep id="flash.geom:Rectangle" type="e" /> 
        <dep id="com.liquid.grid:LiquidCell" type="e" /> 
        <dep id="com.liquid.draw:LiquidBitmap" type="e" /> 
        <dep id="com.liquid.skin:SkinLoader" type="e" /> 
        <dep id="com.liquid.grid:LiquidGrid" type="e" /> 
        <dep id="flash.display:BitmapData" type="e" /> 
        <dep id="flash.geom:Point" type="e" /> 
        <dep id="Error" type="e" /> 
        <dep id="flash.system:ApplicationDomain" type="e" /> 
        <dep id="flash.net:URLRequest" type="e" /> 
      </script>
      <script name="com/liquid/draw/LiquidBitmap" mod="1203075351875" >
        <def id="com.liquid.draw:LiquidBitmap" /> 
        <dep id="Object" type="i" /> 
        <dep id="AS3" type="n" /> 
        <dep id="com.liquid.grid:LiquidRow" type="s" /> 
        <dep id="flash.geom:Rectangle" type="s" /> 
        <dep id="com.liquid.grid:LiquidGrid" type="s" /> 
        <dep id="flash.display:BitmapData" type="s" /> 
        <dep id="flash.geom:Rectangle" type="e" /> 
        <dep id="flash.display:BitmapData" type="e" /> 
        <dep id="flash.geom:Point" type="e" /> 
        <dep id="Math" type="e" /> 
      </script>
      <script name="fl/managers/IFocusManagerGroup" mod="1202674681906" >
        <def id="fl.managers:IFocusManagerGroup" /> 
        <dep id="Object" type="i" /> 
        <dep id="AS3" type="n" /> 
      </script>
      <script name="com/liquid/draw/LiquidMapper" mod="1202674865296" >
        <def id="com.liquid.draw:LiquidMapper" /> 
        <dep id="Object" type="i" /> 
        <dep id="AS3" type="n" /> 
        <dep id="com.liquid.grid:LiquidRow" type="s" /> 
        <dep id="flash.geom:Matrix" type="s" /> 
        <dep id="com.liquid.draw:LiquidBitmap" type="s" /> 
        <dep id="com.liquid.grid:LiquidGrid" type="s" /> 
        <dep id="flash.display:BitmapData" type="s" /> 
        <dep id="flash.display:Graphics" type="s" /> 
        <dep id="com.liquid.grid:LiquidCell" type="e" /> 
        <dep id="flash.geom:Matrix" type="e" /> 
        <dep id="Math" type="e" /> 
      </script>
      <script name="fl/events/ComponentEvent" mod="1202674645812" >
        <def id="fl.events:ComponentEvent" /> 
        <dep id="flash.events:Event" type="i" /> 
        <dep id="AS3" type="n" /> 
      </script>
      <script name="com/liquid/events/LiquidEvent" mod="1202674833437" >
        <def id="com.liquid.events:LiquidEvent" /> 
        <dep id="flash.events:Event" type="i" /> 
        <dep id="AS3" type="n" /> 
      </script>
      <script name="com/liquid/events/LiquidCellEvent" mod="1202674830031" >
        <def id="com.liquid.events:LiquidCellEvent" /> 
        <dep id="flash.events:Event" type="i" /> 
        <dep id="AS3" type="n" /> 
      </script>
      <script name="fl/managers/FocusManager" mod="1202674669203" >
        <def id="fl.managers:FocusManager" /> 
        <dep id="fl.managers:IFocusManager" type="i" /> 
        <dep id="Object" type="i" /> 
        <dep id="AS3" type="n" /> 
        <dep id="flash.utils:Dictionary" type="s" /> 
        <dep id="flash.events:MouseEvent" type="s" /> 
        <dep id="flash.events:FocusEvent" type="s" /> 
        <dep id="fl.controls:Button" type="s" /> 
        <dep id="flash.text:TextField" type="s" /> 
        <dep id="SecurityError" type="s" /> 
        <dep id="fl.managers:IFocusManagerGroup" type="s" /> 
        <dep id="flash.events:Event" type="s" /> 
        <dep id="flash.display:DisplayObject" type="s" /> 
        <dep id="flash.events:KeyboardEvent" type="s" /> 
        <dep id="flash.display:DisplayObjectContainer" type="s" /> 
        <dep id="flash.display:SimpleButton" type="s" /> 
        <dep id="flash.display:InteractiveObject" type="s" /> 
        <dep id="fl.managers:IFocusManagerComponent" type="s" /> 
        <dep id="flash.utils:Dictionary" type="e" /> 
        <dep id="flash.events:MouseEvent" type="e" /> 
        <dep id="flash.text:TextFieldType" type="e" /> 
        <dep id="flash.events:FocusEvent" type="e" /> 
        <dep id="fl.controls:Button" type="e" /> 
        <dep id="flash.text:TextField" type="e" /> 
        <dep id="SecurityError" type="e" /> 
        <dep id="fl.managers:IFocusManagerGroup" type="e" /> 
        <dep id="flash.events:Event" type="e" /> 
        <dep id="flash.display:DisplayObject" type="e" /> 
        <dep id="flash.events:KeyboardEvent" type="e" /> 
        <dep id="fl.core:UIComponent" type="e" /> 
        <dep id="flash.display:DisplayObjectContainer" type="e" /> 
        <dep id="flash.display:Stage" type="e" /> 
        <dep id="flash.display:SimpleButton" type="e" /> 
        <dep id="flash.display:InteractiveObject" type="e" /> 
        <dep id="flash.ui:Keyboard" type="e" /> 
        <dep id="fl.managers:IFocusManagerComponent" type="e" /> 
      </script>
      <script name="LiquidButton_back" mod="1203625441421" >
        <def id="LiquidButton_back" /> 
        <dep id="flash.display:BitmapData" type="i" /> 
        <dep id="AS3" type="n" /> 
      </script>
      <script name="Liquid_focusRect" mod="1203625441421" >
        <def id="Liquid_focusRect" /> 
        <dep id="flash.display:BitmapData" type="i" /> 
        <dep id="AS3" type="n" /> 
      </script>
      <script name="com/liquid/grid/LiquidGrid" mod="1203075043734" >
        <def id="com.liquid.grid:LiquidGrid" /> 
        <dep id="flash.events:EventDispatcher" type="i" /> 
        <dep id="AS3" type="n" /> 
        <dep id="com.liquid.grid:LiquidRow" type="s" /> 
        <dep id="com.liquid.grid:LiquidCell" type="s" /> 
        <dep id="com.liquid.events:LiquidCellEvent" type="s" /> 
        <dep id="flash.display:Graphics" type="s" /> 
        <dep id="com.liquid.grid:LiquidRowType" type="s" /> 
        <dep id="com.liquid.grid:LiquidRow" type="e" /> 
        <dep id="com.liquid.grid:LiquidCell" type="e" /> 
        <dep id="com.liquid.events:LiquidCellEvent" type="e" /> 
        <dep id="com.liquid.grid:LiquidRowType" type="e" /> 
      </script>
      <script name="com/liquid/grid/LiquidCell" mod="1202674798250" >
        <def id="com.liquid.grid:LiquidCell" /> 
        <dep id="flash.events:EventDispatcher" type="i" /> 
        <dep id="AS3" type="n" /> 
        <dep id="flash.geom:Rectangle" type="s" /> 
        <dep id="com.liquid.grid:LiquidGrid" type="s" /> 
        <dep id="com.liquid.events:LiquidCellEvent" type="s" /> 
        <dep id="com.liquid.grid:LiquidRowType" type="s" /> 
        <dep id="flash.geom:Rectangle" type="e" /> 
        <dep id="com.liquid.events:LiquidCellEvent" type="e" /> 
      </script>
      <script name="com/liquid/grid/LiquidRow" mod="1202674806171" >
        <def id="com.liquid.grid:LiquidRow" /> 
        <dep id="flash.events:EventDispatcher" type="i" /> 
        <dep id="AS3" type="n" /> 
        <dep id="com.liquid.events:LiquidCellEvent" type="s" /> 
        <dep id="com.liquid.grid:LiquidRowType" type="s" /> 
        <dep id="Error" type="e" /> 
        <dep id="com.liquid.events:LiquidCellEvent" type="e" /> 
        <dep id="Math" type="e" /> 
        <dep id="com.liquid.grid:LiquidRowType" type="e" /> 
      </script>
      <script name="com/liquid/grid/LiquidRowType" mod="1202674810515" >
        <def id="com.liquid.grid:LiquidRowType" /> 
        <dep id="flash.events:EventDispatcher" type="i" /> 
        <dep id="AS3" type="n" /> 
        <dep id="com.liquid.grid:LiquidRow" type="s" /> 
        <dep id="Error" type="e" /> 
        <dep id="com.liquid.events:LiquidCellEvent" type="e" /> 
        <dep id="Math" type="e" /> 
      </script>
      <script name="fl/core/UIComponent" mod="1202674625843" >
        <def id="fl.core:UIComponent" /> 
        <dep id="flash.display:Sprite" type="i" /> 
        <dep id="AS3" type="n" /> 
        <dep id="fl.core:InvalidationType" type="s" /> 
        <dep id="flash.utils:Dictionary" type="s" /> 
        <dep id="flash.events:FocusEvent" type="s" /> 
        <dep id="flash.text:TextField" type="s" /> 
        <dep id="flash.display:DisplayObject" type="s" /> 
        <dep id="flash.events:KeyboardEvent" type="s" /> 
        <dep id="fl.managers:IFocusManager" type="s" /> 
        <dep id="Error" type="s" /> 
        <dep id="flash.events:Event" type="s" /> 
        <dep id="flash.display:InteractiveObject" type="s" /> 
        <dep id="fl.managers:IFocusManagerComponent" type="s" /> 
        <dep id="flash.utils:Dictionary" type="e" /> 
        <dep id="flash.system:IME" type="e" /> 
        <dep id="flash.events:FocusEvent" type="e" /> 
        <dep id="fl.managers:FocusManager" type="e" /> 
        <dep id="flash.system:IMEConversionMode" type="e" /> 
        <dep id="flash.events:Event" type="e" /> 
        <dep id="Math" type="e" /> 
        <dep id="fl.core:InvalidationType" type="e" /> 
        <dep id="flash.display:DisplayObject" type="e" /> 
        <dep id="flash.events:KeyboardEvent" type="e" /> 
        <dep id="Error" type="e" /> 
        <dep id="fl.managers:IFocusManager" type="e" /> 
        <dep id="flash.text:TextFormatAlign" type="e" /> 
        <dep id="flash.text:TextFormat" type="e" /> 
        <dep id="fl.managers:StyleManager" type="e" /> 
        <dep id="fl.events:ComponentEvent" type="e" /> 
        <dep id="flash.utils:getQualifiedClassName" type="e" /> 
        <dep id="fl.managers:IFocusManagerComponent" type="e" /> 
        <dep id="flash.utils:getDefinitionByName" type="e" /> 
      </script>
      <script name="com/liquid/core/SkinBox" mod="1203075406031" >
        <def id="com.liquid.core:SkinBox" /> 
        <dep id="flash.display:Sprite" type="i" /> 
        <dep id="AS3" type="n" /> 
        <dep id="com.liquid.skin:SkinAsset" type="s" /> 
        <dep id="com.liquid.draw:LiquidBitmap" type="s" /> 
        <dep id="flash.display:BitmapData" type="s" /> 
        <dep id="com.liquid.grid:LiquidGrid" type="s" /> 
        <dep id="com.liquid.skin:SkinAsset" type="e" /> 
        <dep id="com.liquid.draw:LiquidMapper" type="e" /> 
      </script>
      <script name="com/liquid/skin/SkinLoader" mod="1202674781109" >
        <def id="com.liquid.skin:SkinLoader" /> 
        <dep id="flash.display:Loader" type="i" /> 
        <dep id="AS3" type="n" /> 
        <dep id="flash.system:LoaderContext" type="s" /> 
        <dep id="flash.display:BitmapData" type="s" /> 
        <dep id="flash.events:Event" type="s" /> 
        <dep id="flash.net:URLRequest" type="s" /> 
        <dep id="com.liquid.events:LiquidEvent" type="e" /> 
        <dep id="flash.display:Bitmap" type="e" /> 
        <dep id="flash.events:Event" type="e" /> 
      </script>
      <script name="LiquidShimSource" mod="1203625441421" >
        <def id="LiquidShimSource" /> 
        <dep id="flash.display:MovieClip" type="i" /> 
        <dep id="AS3" type="n" /> 
      </script>
      <script name="fl/core/ComponentShim" mod="1203625441421" >
        <def id="fl.core.ComponentShim" /> 
        <def id="fl.core:ComponentShim" /> 
        <dep id="flash.display:MovieClip" type="i" /> 
        <dep id="AS3" type="n" /> 
      </script>
      <script name="fl/livepreview/LivePreviewParent" mod="1203625441437" >
        <def id="fl.livepreview:LivePreviewParent" /> 
        <dep id="flash.display:MovieClip" type="i" /> 
        <dep id="AS3" type="n" /> 
        <dep id="flash.display:DisplayObject" type="s" /> 
        <dep id="Error" type="s" /> 
        <dep id="flash.external:ExternalInterface" type="e" /> 
        <dep id="flash.display:StageScaleMode" type="e" /> 
        <dep id="Error" type="e" /> 
        <dep id="flash.display:StageAlign" type="e" /> 
        <dep id="flash.utils:getDefinitionByName" type="e" /> 
      </script>
      <script name="fl/controls/BaseButton" mod="1202674560562" >
        <def id="fl.controls:BaseButton" /> 
        <dep id="fl.core:UIComponent" type="i" /> 
        <dep id="AS3" type="n" /> 
        <dep id="flash.events:MouseEvent" type="s" /> 
        <dep id="flash.events:TimerEvent" type="s" /> 
        <dep id="flash.display:DisplayObject" type="s" /> 
        <dep id="flash.utils:Timer" type="s" /> 
        <dep id="fl.core:InvalidationType" type="e" /> 
        <dep id="flash.events:MouseEvent" type="e" /> 
        <dep id="flash.events:TimerEvent" type="e" /> 
        <dep id="flash.utils:Timer" type="e" /> 
        <dep id="fl.events:ComponentEvent" type="e" /> 
      </script>
      <script name="fl/controls/LabelButton" mod="1202674556062" >
        <def id="fl.controls:LabelButton" /> 
        <dep id="fl.controls:BaseButton" type="i" /> 
        <dep id="fl.managers:IFocusManagerComponent" type="i" /> 
        <dep id="AS3" type="n" /> 
        <dep id="flash.events:MouseEvent" type="s" /> 
        <dep id="flash.display:DisplayObject" type="s" /> 
        <dep id="flash.text:TextField" type="s" /> 
        <dep id="flash.events:KeyboardEvent" type="s" /> 
        <dep id="flash.text:TextFormat" type="s" /> 
        <dep id="fl.core:InvalidationType" type="e" /> 
        <dep id="flash.events:MouseEvent" type="e" /> 
        <dep id="fl.controls:ButtonLabelPlacement" type="e" /> 
        <dep id="flash.text:TextFieldType" type="e" /> 
        <dep id="flash.text:TextField" type="e" /> 
        <dep id="fl.core:UIComponent" type="e" /> 
        <dep id="flash.events:Event" type="e" /> 
        <dep id="Math" type="e" /> 
        <dep id="flash.text:TextFormat" type="e" /> 
        <dep id="flash.ui:Keyboard" type="e" /> 
        <dep id="fl.events:ComponentEvent" type="e" /> 
      </script>
      <script name="fl/controls/Button" mod="1202674326093" >
        <def id="fl.controls:Button" /> 
        <dep id="fl.controls:LabelButton" type="i" /> 
        <dep id="fl.managers:IFocusManagerComponent" type="i" /> 
        <dep id="AS3" type="n" /> 
        <dep id="flash.display:DisplayObject" type="s" /> 
        <dep id="fl.core:InvalidationType" type="e" /> 
        <dep id="fl.core:UIComponent" type="e" /> 
      </script>
      <script name="com/liquid/controls/LiquidButton" mod="1203625441421" >
        <def id="com.liquid.controls:LiquidButton" /> 
        <dep id="fl.controls:Button" type="i" /> 
        <dep id="AS3" type="n" /> 
        <dep id="com.liquid.core:SkinBox" type="s" /> 
        <dep id="com.liquid.skin:SkinLoader" type="s" /> 
        <dep id="flash.system:LoaderContext" type="s" /> 
        <dep id="flash.display:BitmapData" type="s" /> 
        <dep id="flash.events:Event" type="s" /> 
        <dep id="flash.text:TextFormat" type="s" /> 
        <dep id="com.liquid.events:LiquidEvent" type="e" /> 
        <dep id="com.liquid.skin:SkinAsset" type="e" /> 
        <dep id="com.liquid.skin:SkinLoader" type="e" /> 
        <dep id="com.liquid.core:SkinBox" type="e" /> 
        <dep id="flash.events:EventPhase" type="e" /> 
        <dep id="Date" type="e" /> 
        <dep id="flash.events:Event" type="e" /> 
        <dep id="com.liquid.core:LiquidManager" type="e" /> 
        <dep id="flash.text:TextFormat" type="e" /> 
      </script>
    </library>
  </libraries>
  <files>
    <file path="LivePreview_LiquidButton.swf" mod="1203625443750" />
  </files>
</swc>
